id,photo,video
0,photo/0.jpg,video/0.jpg
1,photo/1.jpg,video/1.jpg
2,photo/2.jpg,video/2.jpg
3,photo/3.jpg,video/3.jpg
4,photo/4.jpg,video/4.jpg
5,photo/5.jpg,video/5.jpg
6,photo/6.jpg,video/6.jpg
7,photo/7.jpg,video/7.jpg
8,photo/8.jpg,video/8.jpg
9,photo/9.jpg,video/9.jpg
10,photo/10.jpg,video/10.jpg
11,photo/11.jpg,video/11.jpg
12,photo/12.jpg,video/12.jpg
13,photo/13.jpg,video/13.jpg
14,photo/14.jpg,video/14.jpg
15,photo/15.jpg,video/15.jpg
16,photo/16.jpg,video/16.jpg
17,photo/17.jpg,video/17.jpg
18,photo/18.jpg,video/18.jpg
19,photo/19.jpg,video/19.jpg
